Industria,Derpartmento,Link,Etiqueta
Banco,Recursos Humano,https://www.banconal.com.pa/,Banco Nacional
Banco,Recursos Humano,https://www.banconal.com.pa/,Banco Nacional
Banco,Servicio al Cliente,https://www.banconal.com.pa/,Banco Nacional
Cooperativa,Servicio al Cliente,https://www.coeduco.coop/,COEDUCO
Cooperativa,Asociado,https://www.coeduco.coop/,COEDUCO
Cooperativa,Asociado,https://www.coeduco.coop/,COEDUCO
Cooperativa,Asociado,https://www.cooprofesionales.com.pa/,Cooperativa Profesionales
Cooperativa,Asociado,https://www.cooprofesionales.com.pa/,Cooperativa Profesionales
Cooperativa,Asociado,https://www.cooprofesionales.com.pa/,Cooperativa Profesionales
Seguros,Poliza,https://www.iseguros.com/,Internacional de Seguros
Seguros,Poliza,https://www.iseguros.com/,Internacional de Seguros
Seguros,Poliza,https://www.iseguros.com/,Internacional de Seguros
Seguros,Cobros,https://www.sura.com/,Sura
Seguros,Cobros,https://www.sura.com/,Sura
Seguros,Cobros,https://www.sura.com/,Sura
Tecnologia,Cobros,www.dell.com,DELL
Tecnologia,Servicio al Cliente,www.dell.com,DELL
Tecnologia,Cobros,www.dell.com,DELL