"COD_DEPTO","COD_DANE","OBJECTID","ID_ESPACIAL","AREA_OFICIAL","ENTIDAD_TERRITORIAL","NOM_DEPARTAMENTO","NOM_MUNICIPIO","INPOLY_FID","SIMPGNFLAG","MAXSIMPTOL","MINSIMPTOL","SHAPE.AREA","SHAPE.LEN","ID_DATO","ID_INDICADOR","DATO","UNIDAD_MEDIDA","VALOR","ANO","REGISTRO_ESPACIAL","SUBSISTEMA","TEMA","ID_UNIDAD_ESPACIAL",
"52","52256","45","52256","","EL ROSARIO","NARIÑO","EL ROSARIO","85","","5000","5000","519550834.537119","132375.33338604303","1194","861649","Producción de Aguacate","Tonelada","8","2009","EL ROSARIO","PRODUCTIVIDAD","ECONOMICO PRODUCTIVO","1",
"41","41244","49","41244","","ELÍAS","HUILA","ELÍAS","89","","5000","5000","80388195.7673166","44968.985104171006","1194","861612","Producción de Aguacate","Tonelada","160","2009","ELIAS","PRODUCTIVIDAD","ECONOMICO PRODUCTIVO","1",
"05","05809","55","05809","","TITIRIBÍ","ANTIOQUIA","TITIRIBÍ","95","","5000","5000","134424131.721875","46812.7248559203","1194","860494","Producción de Aguacate","Tonelada","","2009","TITIRIBI","PRODUCTIVIDAD","ECONOMICO PRODUCTIVO","1",
"05","05148","56","05148","","CARMEN DE VIBORAL","ANTIOQUIA","CARMEN DE VIBORAL","96","","5000","5000","413232505.824847","103121.574225396","1194","859413","Producción de Aguacate","Tonelada","1275","2009","CARMEN DE VIBORAL","PRODUCTIVIDAD","ECONOMICO PRODUCTIVO","1",
"05","05615","58","05615","","RIONEGRO","ANTIOQUIA","RIONEGRO","98","","5000","5000","201290401.858613","63758.3406498896","1194","860481","Producción de Aguacate","Tonelada","1260","2009","RIONEGRO","PRODUCTIVIDAD","ECONOMICO PRODUCTIVO","1",
"05","05059","59","05059","","ARMENIA","ANTIOQUIA","ARMENIA","99","","5000","5000","113544916.83624","49390.9490104582","1194","859407","Producción de Aguacate","Tonelada","45","2009","ARMENIA","PRODUCTIVIDAD","ECONOMICO PRODUCTIVO","1",
"05","05440","61","05440","","MARINILLA","ANTIOQUIA","MARINILLA","101","","5000","5000","111269456.733023","43870.2637207645","1194","860474","Producción de Aguacate","Tonelada","360","2009","MARINILLA","PRODUCTIVIDAD","ECONOMICO PRODUCTIVO","1",
"52","52678","83","52678","","SAMANIEGO","NARIÑO","SAMANIEGO","62","","5000","5000","615850026.542893","140739.547961178","1194","861650","Producción de Aguacate","Tonelada","7","2009","SAMANIEGO","PRODUCTIVIDAD","ECONOMICO PRODUCTIVO","1",
"19","19290","95","19290","","FLORENCIA","CAUCA","FLORENCIA","74","","5000","5000","58412463.383606","33773.423210216795","1194","860543","Producción de Aguacate","Tonelada","14","2009","FLORENCIA","PRODUCTIVIDAD","ECONOMICO PRODUCTIVO","1",
"66","66088","147","66088","","BELÉN DE UMBRÍA","RISARALDA","BELÉN DE UMBRÍA","132","","5000","5000","175910364.235541","51177.8323040244","1194","862709","Producción de Aguacate","Tonelada","840","2009","BELEN DE UMBRIA","PRODUCTIVIDAD","ECONOMICO PRODUCTIVO","1",
"19","19760","152","19760","","SOTARÁ (Paispamba)","CAUCA","SOTARÁ (Paispamba)","137","","5000","5000","507862086.644146","121854.955648939","1194","860547","Producción de Aguacate","Tonelada","99","2009","SOTARA (Paispamba)","PRODUCTIVIDAD","ECONOMICO PRODUCTIVO","1",
"15","15832","156","15832","","TUNUNGUÁ","BOYACÁ","TUNUNGUÁ","155","","5000","5000","24594454.8361173","21863.4948901638","1194","860517","Producción de Aguacate","Tonelada","","2009","TUNUNGUA","PRODUCTIVIDAD","ECONOMICO PRODUCTIVO","1",
"19","19807","158","19807","","TIMBÍO","CAUCA","TIMBÍO","141","","5000","5000","209058157.299434","76582.1267945606","1194","861580","Producción de Aguacate","Tonelada","","2009","TIMBIO","PRODUCTIVIDAD","ECONOMICO PRODUCTIVO","1",
"41","41518","159","41518","","PAICOL","HUILA","PAICOL","142","","5000","5000","253551363.32845","88062.46406138201","1194","861620","Producción de Aguacate","Tonelada","","2009","PAICOL","PRODUCTIVIDAD","ECONOMICO PRODUCTIVO","1",
"41","41396","160","41396","","LA PLATA","HUILA","LA PLATA","143","","5000","5000","807004130.590903","141357.019769211","1194","861618","Producción de Aguacate","Tonelada","107","2009","LA PLATA","PRODUCTIVIDAD","ECONOMICO PRODUCTIVO","1",
"41","41306","107","41306","","GIGANTE","HUILA","GIGANTE","146","","5000","5000","509461209.783519","101280.444655962","1194","861614","Producción de Aguacate","Tonelada","240","2009","GIGANTE","PRODUCTIVIDAD","ECONOMICO PRODUCTIVO","1",
"19","19001","108","19001","","POPAYÁN","CAUCA","POPAYÁN","147","","5000","5000","477432609.321535","117149.684904922","1194","860538","Producción de Aguacate","Tonelada","","2009","POPAYAN","PRODUCTIVIDAD","ECONOMICO PRODUCTIVO","1",
"17","17662","115","17662","","SAMANÁ","CALDAS","SAMANÁ","156","","5000","5000","765100967.049446","142334.571469891","1194","860533","Producción de Aguacate","Tonelada","120","2009","SAMANA","PRODUCTIVIDAD","ECONOMICO PRODUCTIVO","1",
"41","41319","117","41319","","GUADALUPE","HUILA","GUADALUPE","158","","5000","5000","252112928.26977","67834.33270607071","1194","861615","Producción de Aguacate","Tonelada","32","2009","GUADALUPE","PRODUCTIVIDAD","ECONOMICO PRODUCTIVO","1",
"20","20238","120","20238","","EL COPEY","CESAR","EL COPEY","105","","5000","5000","956809229.232857","134580.52852822","1194","861587","Producción de Aguacate","Tonelada","126","2009","EL COPEY","PRODUCTIVIDAD","ECONOMICO PRODUCTIVO","1",
"20","20443","124","20443","","MANAURE BALCÓN DEL CESAR","CESAR","MANAURE BALCÓN DEL CESAR","109","","5000","5000","136816998.495151","64180.594460983906","1194","861589","Producción de Aguacate","Tonelada","520","2009","MANAURE BALCON DEL CESAR","PRODUCTIVIDAD","ECONOMICO PRODUCTIVO","1",
"20","20621","126","20621","","LA PAZ","CESAR","LA PAZ","111","","5000","5000","1097152852.76185","287587.65689821204","1194","861592","Producción de Aguacate","Tonelada","3000","2009","LA PAZ","PRODUCTIVIDAD","ECONOMICO PRODUCTIVO","1",
"73","73168","130","73168","","CHAPARRAL","TOLIMA","CHAPARRAL","115","","5000","5000","2066739300.28206","221927.130520064","1194","862739","Producción de Aguacate","Tonelada","492","2009","CHAPARRAL","PRODUCTIVIDAD","ECONOMICO PRODUCTIVO","1",
"76","76670","132","76670","","SAN PEDRO","VALLE DEL CAUCA","SAN PEDRO","117","","5000","5000","205292902.717643","63979.6090795755","1194","863819","Producción de Aguacate","Tonelada","129","2009","SAN PEDRO","PRODUCTIVIDAD","ECONOMICO PRODUCTIVO","1",
"76","76890","133","76890","","YOTOCO","VALLE DEL CAUCA","YOTOCO","118","","5000","5000","327534862.622086","95288.9586717424","1194","863825","Producción de Aguacate","Tonelada","1196","2009","YOTOCO","PRODUCTIVIDAD","ECONOMICO PRODUCTIVO","1",
"76","76126","134","76126","","CALIMA (El Darién)","VALLE DEL CAUCA","CALIMA (El Darién)","119","","5000","5000","776160210.985325","152090.176661311","1194","862768","Producción de Aguacate","Tonelada","2430","2009","CALIMA (El DariEn)","PRODUCTIVIDAD","ECONOMICO PRODUCTIVO","1",
"73","73504","136","73504","","ORTEGA","TOLIMA","ORTEGA","121","","5000","5000","952828456.549115","135768.055899506","1194","862748","Producción de Aguacate","Tonelada","248","2009","ORTEGA","PRODUCTIVIDAD","ECONOMICO PRODUCTIVO","1",
"73","73675","137","73675","","SAN ANTONIO","TOLIMA","SAN ANTONIO","122","","5000","5000","380784183.20403","95310.2210689106","1194","862754","Producción de Aguacate","Tonelada","550","2009","SAN ANTONIO","PRODUCTIVIDAD","ECONOMICO PRODUCTIVO","1",
"25","25506","138","25506","","VENECIA","CUNDINAMARCA","VENECIA","123","","5000","5000","130550843.99482","46893.414604431404","1194","861601","Producción de Aguacate","Tonelada","15","2009","VENECIA","PRODUCTIVIDAD","ECONOMICO PRODUCTIVO","1",
"76","76834","140","76834","","TULUÁ","VALLE DEL CAUCA","TULUÁ","125","","5000","5000","915921516.506548","167273.97592752","1194","863822","Producción de Aguacate","Tonelada","176","2009","TULUA","PRODUCTIVIDAD","ECONOMICO PRODUCTIVO","1",
"66","66045","142","66045","","APÍA","RISARALDA","APÍA","127","","5000","5000","139530701.747388","64934.975568375005","1194","862707","Producción de Aguacate","Tonelada","165","2009","APIA","PRODUCTIVIDAD","ECONOMICO PRODUCTIVO","1",
"41","41668","163","41668","","SAN AGUSTÍN","HUILA","SAN AGUSTÍN","211","","5000","5000","1381667793.21506","186077.82764092402","1194","861626","Producción de Aguacate","Tonelada","24","2009","SAN AGUSTIN","PRODUCTIVIDAD","ECONOMICO PRODUCTIVO","1",
"17","17513","207","17513","","PÁCORA","CALDAS","PÁCORA","195","","5000","5000","260216886.350422","70618.3675965623","1194","860529","Producción de Aguacate","Tonelada","140","2009","PACORA","PRODUCTIVIDAD","ECONOMICO PRODUCTIVO","1",
"17","17867","210","17867","","VICTORIA","CALDAS","VICTORIA","198","","5000","5000","558364483.075444","115005.818111877","1194","860535","Producción de Aguacate","Tonelada","312","2009","VICTORIA","PRODUCTIVIDAD","ECONOMICO PRODUCTIVO","1",
"05","05145","211","05145","","CARAMANTA","ANTIOQUIA","CARAMANTA","199","","5000","5000","92420056.5727043","46247.886106634694","1194","859412","Producción de Aguacate","Tonelada","","2009","CARAMANTA","PRODUCTIVIDAD","ECONOMICO PRODUCTIVO","1",
"41","41503","218","41503","","OPORAPA","HUILA","OPORAPA","206","","5000","5000","153471799.240415","63509.985530238606","1194","861619","Producción de Aguacate","Tonelada","10","2009","OPORAPA","PRODUCTIVIDAD","ECONOMICO PRODUCTIVO","1",
"41","41660","169","41660","","SALADOBLANCO","HUILA","SALADOBLANCO","217","","5000","5000","450866982.456326","120665.771851581","1194","861625","Producción de Aguacate","Tonelada","52","2009","SALADOBLANCO","PRODUCTIVIDAD","ECONOMICO PRODUCTIVO","1",
"41","41378","171","41378","","LA ARGENTINA","HUILA","LA ARGENTINA","219","","5000","5000","387250279.845993","134676.215419213","1194","861617","Producción de Aguacate","Tonelada","","2009","LA ARGENTINA","PRODUCTIVIDAD","ECONOMICO PRODUCTIVO","1",
"20","20178","186","20178","","CHIRIGUANÁ","CESAR","CHIRIGUANÁ","174","","5000","5000","1097432759.36817","204651.154789267","1194","861585","Producción de Aguacate","Tonelada","84","2009","CHIRIGUANA","PRODUCTIVIDAD","ECONOMICO PRODUCTIVO","1",
"70","70204","188","70204","","COLOSÓ","SUCRE","COLOSÓ","176","","5000","5000","136182574.970827","56978.452210424206","1194","862729","Producción de Aguacate","Tonelada","","2009","COLOSO","PRODUCTIVIDAD","ECONOMICO PRODUCTIVO","1",
"70","70230","190","70230","","CHALÁN","SUCRE","CHALÁN","178","","5000","5000","90621123.014637","39839.9778839493","1194","862730","Producción de Aguacate","Tonelada","775","2009","CHALAN","PRODUCTIVIDAD","ECONOMICO PRODUCTIVO","1",
"70","70508","194","70508","","OVEJAS","SUCRE","OVEJAS","182","","5000","5000","454211727.331555","106043.246576338","1194","862731","Producción de Aguacate","Tonelada","1193","2009","OVEJAS","PRODUCTIVIDAD","ECONOMICO PRODUCTIVO","1",
"73","73408","198","73408","","LÉRIDA","TOLIMA","LÉRIDA","186","","5000","5000","275879101.106125","77568.1027679794","1194","862744","Producción de Aguacate","Tonelada","88","2009","LERIDA","PRODUCTIVIDAD","ECONOMICO PRODUCTIVO","1",
"66","66682","200","66682","","SANTA ROSA DE CABAL","RISARALDA","SANTA ROSA DE CABAL","188","","5000","5000","531919940.252357","109873.786111911","1194","862716","Producción de Aguacate","Tonelada","30","2009","SANTA ROSA DE CABAL","PRODUCTIVIDAD","ECONOMICO PRODUCTIVO","1",
"66","66075","202","66075","","BALBOA","RISARALDA","BALBOA","190","","5000","5000","121281682.120451","41708.3664984802","1194","862708","Producción de Aguacate","Tonelada","132","2009","BALBOA","PRODUCTIVIDAD","ECONOMICO PRODUCTIVO","1",
"41","41020","253","41020","","ALGECIRAS","HUILA","ALGECIRAS","240","","5000","5000","594360336.672283","119744.99913084","1194","861608","Producción de Aguacate","Tonelada","242","2009","ALGECIRAS","PRODUCTIVIDAD","ECONOMICO PRODUCTIVO","1",
"19","19130","254","19130","","CAJIBÍO","CAUCA","CAJIBÍO","241","","5000","5000","545662345.163614","107957.309343578","1194","860540","Producción de Aguacate","Tonelada","","2009","CAJIBIO","PRODUCTIVIDAD","ECONOMICO PRODUCTIVO","1",
"41","41132","256","41132","","CAMPOALEGRE","HUILA","CAMPOALEGRE","243","","5000","5000","466586263.229683","95753.3435957628","1194","861610","Producción de Aguacate","Tonelada","50","2009","CAMPOALEGRE","PRODUCTIVIDAD","ECONOMICO PRODUCTIVO","1",
"19","19256","259","19256","","EL TAMBO","CAUCA","EL TAMBO","246","","5000","5000","2715240722.39622","282432.004321993","1194","860542","Producción de Aguacate","Tonelada","16","2009","EL TAMBO","PRODUCTIVIDAD","ECONOMICO PRODUCTIVO","1",
"19","19548","260","19548","","PIENDAMÓ-TUNÍA","CAUCA","PIENDAMÓ-TUNÍA","247","","5000","5000","174758994.95414","82613.4344016956","1194","860545","Producción de Aguacate","Tonelada","","2009","PIENDAMO","PRODUCTIVIDAD","ECONOMICO PRODUCTIVO","1",
"41","41615","261","41615","","RIVERA","HUILA","RIVERA","248","","5000","5000","252919548.199415","65789.96015938811","1194","861624","Producción de Aguacate","Tonelada","","2009","RIVERA","PRODUCTIVIDAD","ECONOMICO PRODUCTIVO","1",
"19","19473","267","19473","","MORALES","CAUCA","MORALES","254","","5000","5000","518741774.633761","131967.817797078","1194","860544","Producción de Aguacate","Tonelada","","2009","MORALES","PRODUCTIVIDAD","ECONOMICO PRODUCTIVO","1",
"41","41801","268","41801","","TERUEL","HUILA","TERUEL","255","","5000","5000","475330810.768639","161090.229311446","1194","861629","Producción de Aguacate","Tonelada","60","2009","TERUEL","PRODUCTIVIDAD","ECONOMICO PRODUCTIVO","1",
"41","41676","222","41676","","SANTA MARÍA","HUILA","SANTA MARÍA","258","","5000","5000","339835292.379207","83456.65517640121","1194","861627","Producción de Aguacate","Tonelada","512","2009","SANTA MARIA","PRODUCTIVIDAD","ECONOMICO PRODUCTIVO","1",
"41","41524","227","41524","","PALERMO","HUILA","PALERMO","263","","5000","5000","890371559.824761","156971.59023916099","1194","861621","Producción de Aguacate","Tonelada","45","2009","PALERMO","PRODUCTIVIDAD","ECONOMICO PRODUCTIVO","1",
"41","41799","230","41799","","TELLO","HUILA","TELLO","266","","5000","5000","536685028.96471","119941.792537656","1194","861628","Producción de Aguacate","Tonelada","66","2009","TELLO","PRODUCTIVIDAD","ECONOMICO PRODUCTIVO","1",
"50","50711","232","50711","","VISTAHERMOSA","META","VISTAHERMOSA","268","","5000","5000","4763388780.36376","405378.02001113404","1194","861647","Producción de Aguacate","Tonelada","","2009","VISTAHERMOSA","PRODUCTIVIDAD","ECONOMICO PRODUCTIVO","1",
"41","41298","234","41298","","GARZÓN","HUILA","GARZÓN","221","","5000","5000","603999656.916723","118561.574229977","1194","861613","Producción de Aguacate","Tonelada","143","2009","GARZON","PRODUCTIVIDAD","ECONOMICO PRODUCTIVO","1",
"41","41548","238","41548","","PITAL","HUILA","PITAL","225","","5000","5000","172719082.38125","72023.7842744248","1194","861622","Producción de Aguacate","Tonelada","","2009","PITAL","PRODUCTIVIDAD","ECONOMICO PRODUCTIVO","1",
"50","50400","270","50400","","LEJANÍAS","META","LEJANÍAS","306","","5000","5000","813329356.904108","154001.11488146603","1194","861646","Producción de Aguacate","Tonelada","","2009","LEJANIAS","PRODUCTIVIDAD","ECONOMICO PRODUCTIVO","1",
"76","76869","272","76869","","VIJES","VALLE DEL CAUCA","VIJES","308","","5000","5000","108433484.018719","52241.8385275608","1194","863824","Producción de Aguacate","Tonelada","154","2009","VIJES","PRODUCTIVIDAD","ECONOMICO PRODUCTIVO","1",
"41","41206","275","41206","","COLOMBIA","HUILA","COLOMBIA","311","","5000","5000","1611574506.05464","225966.05524809903","1194","861611","Producción de Aguacate","Tonelada","55","2009","COLOMBIA","PRODUCTIVIDAD","ECONOMICO PRODUCTIVO","1",
"50","50330","306","50330","","MESETAS","META","MESETAS","293","","5000","5000","2307496188.85166","308042.42757262697","1194","861644","Producción de Aguacate","Tonelada","","2009","MESETAS","PRODUCTIVIDAD","ECONOMICO PRODUCTIVO","1",
"50","50313","307","50313","","GRANADA","META","GRANADA","294","","5000","5000","357501892.651616","94325.5308802548","1194","861643","Producción de Aguacate","Tonelada","","2009","GRANADA","PRODUCTIVIDAD","ECONOMICO PRODUCTIVO","1",
"73","73067","308","73067","","ATACO","TOLIMA","ATACO","295","","5000","5000","1020271641.96368","190086.230266869","1194","862737","Producción de Aguacate","Tonelada","200","2009","ATACO","PRODUCTIVIDAD","ECONOMICO PRODUCTIVO","1",
"73","73483","309","73483","","NATAGAIMA","TOLIMA","NATAGAIMA","296","","5000","5000","860458109.292034","141652.634542376","1194","862747","Producción de Aguacate","Tonelada","5","2009","NATAGAIMA","PRODUCTIVIDAD","ECONOMICO PRODUCTIVO","1",
"76","76892","310","76892","","YUMBO","VALLE DEL CAUCA","YUMBO","297","","5000","5000","230008519.960917","64602.0927489738","1194","863826","Producción de Aguacate","Tonelada","250","2009","YUMBO","PRODUCTIVIDAD","ECONOMICO PRODUCTIVO","1",
"76","76520","311","76520","","PALMIRA","VALLE DEL CAUCA","PALMIRA","298","","5000","5000","994647499.70275","173893.02351587798","1194","863814","Producción de Aguacate","Tonelada","510","2009","PALMIRA","PRODUCTIVIDAD","ECONOMICO PRODUCTIVO","1",
"50","50270","314","50270","","EL DORADO","META","EL DORADO","301","","5000","5000","124347699.093018","42964.4023210645","1194","861642","Producción de Aguacate","Tonelada","588","2009","EL DORADO","PRODUCTIVIDAD","ECONOMICO PRODUCTIVO","1",
"76","76248","315","76248","","EL CERRITO","VALLE DEL CAUCA","EL CERRITO","302","","5000","5000","447248603.709655","129749.602153165","1194","863808","Producción de Aguacate","Tonelada","96","2009","EL CERRITO","PRODUCTIVIDAD","ECONOMICO PRODUCTIVO","1",
"73","73616","317","73616","","RIOBLANCO","TOLIMA","RIOBLANCO","304","","5000","5000","2047512203.98244","208730.576993933","1194","862751","Producción de Aguacate","Tonelada","810","2009","RIOBLANCO","PRODUCTIVIDAD","ECONOMICO PRODUCTIVO","1",
"50","50370","318","50370","","URIBE","META","URIBE","305","","5000","5000","6407182343.03959","452368.469405427","1194","861645","Producción de Aguacate","Tonelada","","2009","URIBE","PRODUCTIVIDAD","ECONOMICO PRODUCTIVO","1",
"76","76318","277","76318","","GUACARÍ","VALLE DEL CAUCA","GUACARÍ","313","","5000","5000","166404114.668452","65864.3356025369","1194","863810","Producción de Aguacate","Tonelada","280","2009","GUACARI","PRODUCTIVIDAD","ECONOMICO PRODUCTIVO","1",
"76","76606","279","76606","","RESTREPO","VALLE DEL CAUCA","RESTREPO","315","","5000","5000","139812281.129445","48208.1658848673","1194","863816","Producción de Aguacate","Tonelada","349","2009","RESTREPO","PRODUCTIVIDAD","ECONOMICO PRODUCTIVO","1",
"76","76233","280","76233","","DAGUA","VALLE DEL CAUCA","DAGUA","316","","5000","5000","940780107.160855","163615.86702528","1194","863805","Producción de Aguacate","Tonelada","350","2009","DAGUA","PRODUCTIVIDAD","ECONOMICO PRODUCTIVO","1",
"19","19212","283","19212","","CORINTO","CAUCA","CORINTO","270","","5000","5000","332676731.088168","80164.9580245827","1194","860541","Producción de Aguacate","Tonelada","","2009","CORINTO","PRODUCTIVIDAD","ECONOMICO PRODUCTIVO","1",
"19","19110","284","19110","","BUENOS AIRES","CAUCA","BUENOS AIRES","271","","5000","5000","413258716.757732","126592.15585642101","1194","860539","Producción de Aguacate","Tonelada","55","2009","BUENOS AIRES","PRODUCTIVIDAD","ECONOMICO PRODUCTIVO","1",
"19","19845","287","19845","","VILLA RICA","CAUCA","VILLA RICA","274","","5000","5000","74052194.4489952","46564.652844795404","1194","861581","Producción de Aguacate","Tonelada","6","2009","VILLA RICA","PRODUCTIVIDAD","ECONOMICO PRODUCTIVO","1",
"41","41078","290","41078","","BARAYA","HUILA","BARAYA","277","","5000","5000","782725156.909333","135879.11003652902","1194","861609","Producción de Aguacate","Tonelada","88","2009","BARAYA","PRODUCTIVIDAD","ECONOMICO PRODUCTIVO","1",
"73","73555","291","73555","","PLANADAS","TOLIMA","PLANADAS","278","","5000","5000","1760502103.93148","198328.8932771","1194","862750","Producción de Aguacate","Tonelada","220","2009","PLANADAS","PRODUCTIVIDAD","ECONOMICO PRODUCTIVO","1",
"19","19573","292","19573","","PUERTO TEJADA","CAUCA","PUERTO TEJADA","279","","5000","5000","112562563.124059","47049.4583207796","1194","860546","Producción de Aguacate","Tonelada","","2009","PUERTO TEJADA","PRODUCTIVIDAD","ECONOMICO PRODUCTIVO","1",
"76","76364","293","76364","","JAMUNDÍ","VALLE DEL CAUCA","JAMUNDÍ","280","","5000","5000","644460244.093479","117834.587375808","1194","863811","Producción de Aguacate","Tonelada","45","2009","JAMUNDI","PRODUCTIVIDAD","ECONOMICO PRODUCTIVO","1",
"76","76275","294","76275","","FLORIDA","VALLE DEL CAUCA","FLORIDA","281","","5000","5000","397133407.973752","92364.04322934631","1194","863809","Producción de Aguacate","Tonelada","13","2009","FLORIDA","PRODUCTIVIDAD","ECONOMICO PRODUCTIVO","1",
"76","76563","300","76563","","PRADERA","VALLE DEL CAUCA","PRADERA","287","","5000","5000","372799411.266439","89919.6163881377","1194","863815","Producción de Aguacate","Tonelada","40","2009","PRADERA","PRODUCTIVIDAD","ECONOMICO PRODUCTIVO","1",
"76","76001","304","76001","","CALI","VALLE DEL CAUCA","CALI","291","","5000","5000","561698044.396969","101547.411482883","1194","862759","Producción de Aguacate","Tonelada","96","2009","CALI","PRODUCTIVIDAD","ECONOMICO PRODUCTIVO","1",
"63","63302","361","63302","","GÉNOVA","QUINDÍO","GÉNOVA","341","","5000","5000","291173946.845698","76154.1678112184","1194","862700","Producción de Aguacate","Tonelada","66","2009","GENOVA","PRODUCTIVIDAD","ECONOMICO PRODUCTIVO","1",
"76","76113","362","76113","","BUGALAGRANDE","VALLE DEL CAUCA","BUGALAGRANDE","342","","5000","5000","388087594.1147","86684.5817630652","1194","862766","Producción de Aguacate","Tonelada","360","2009","BUGALAGRANDE","PRODUCTIVIDAD","ECONOMICO PRODUCTIVO","1",
"73","73678","363","73678","","SAN LUIS","TOLIMA","SAN LUIS","343","","5000","5000","407184955.631502","136438.611757256","1194","862755","Producción de Aguacate","Tonelada","1026","2009","SAN LUIS","PRODUCTIVIDAD","ECONOMICO PRODUCTIVO","1",
"73","73624","364","73624","","ROVIRA","TOLIMA","ROVIRA","344","","5000","5000","744463304.433353","136611.195609563","1194","862753","Producción de Aguacate","Tonelada","780","2009","ROVIRA","PRODUCTIVIDAD","ECONOMICO PRODUCTIVO","1",
"63","63548","368","63548","","PIJAO","QUINDÍO","PIJAO","348","","5000","5000","254358977.761581","72543.8404251172","1194","862703","Producción de Aguacate","Tonelada","7","2009","PIJAO","PRODUCTIVIDAD","ECONOMICO PRODUCTIVO","1",
"63","63111","371","63111","","BUENAVISTA","QUINDÍO","BUENAVISTA","351","","5000","5000","42622878.0420753","24776.4246674093","1194","862695","Producción de Aguacate","Tonelada","102","2009","BUENAVISTA","PRODUCTIVIDAD","ECONOMICO PRODUCTIVO","1",
"76","76122","374","76122","","CAICEDONIA","VALLE DEL CAUCA","CAICEDONIA","354","","5000","5000","171040158.341296","58430.7732549486","1194","862767","Producción de Aguacate","Tonelada","2010","2009","CAICEDONIA","PRODUCTIVIDAD","ECONOMICO PRODUCTIVO","1",
"63","63212","377","63212","","CÓRDOBA","QUINDÍO","CÓRDOBA","357","","5000","5000","93882200.2711721","43451.2652825925","1194","862698","Producción de Aguacate","Tonelada","","2009","CORDOBA","PRODUCTIVIDAD","ECONOMICO PRODUCTIVO","1",
"63","63401","324","63401","","LA TEBAIDA","QUINDÍO","LA TEBAIDA","365","","5000","5000","97753416.9428917","45176.346165515206","1194","862701","Producción de Aguacate","Tonelada","396","2009","LA TEBAIDA","PRODUCTIVIDAD","ECONOMICO PRODUCTIVO","1",
"76","76100","325","76100","","BOLÍVAR","VALLE DEL CAUCA","BOLÍVAR","366","","5000","5000","737560752.516943","129879.145884231","1194","862764","Producción de Aguacate","Tonelada","210","2009","BOLIVAR","PRODUCTIVIDAD","ECONOMICO PRODUCTIVO","1",
"76","76622","329","76622","","ROLDANILLO","VALLE DEL CAUCA","ROLDANILLO","370","","5000","5000","246558391.798075","66710.5056968243","1194","863818","Producción de Aguacate","Tonelada","367","2009","ROLDANILLO","PRODUCTIVIDAD","ECONOMICO PRODUCTIVO","1",
"76","76403","335","76403","","LA VICTORIA","VALLE DEL CAUCA","LA VICTORIA","376","","5000","5000","263576593.470086","67879.0285131658","1194","863812","Producción de Aguacate","Tonelada","","2009","LA VICTORIA","PRODUCTIVIDAD","ECONOMICO PRODUCTIVO","1",
"63","63130","336","63130","","CALARCÁ","QUINDÍO","CALARCÁ","377","","5000","5000","209359703.172681","83676.2253527399","1194","862696","Producción de Aguacate","Tonelada","1343","2009","CALARCA","PRODUCTIVIDAD","ECONOMICO PRODUCTIVO","1",
"63","63470","338","63470","","MONTENEGRO","QUINDÍO","MONTENEGRO","379","","5000","5000","144823080.780141","54513.34789914991","1194","862702","Producción de Aguacate","Tonelada","924","2009","MONTENEGRO","PRODUCTIVIDAD","ECONOMICO PRODUCTIVO","1",
"76","76111","339","76111","","BUGA","VALLE DEL CAUCA","BUGA","319","","5000","5000","818646083.744032","171411.861657055","1194","862765","Producción de Aguacate","Tonelada","54","2009","BUGA","PRODUCTIVIDAD","ECONOMICO PRODUCTIVO","1",
"76","76616","343","76616","","RIOFRÍO","VALLE DEL CAUCA","RIOFRÍO","323","","5000","5000","298369672.408914","83132.37149908219","1194","863817","Producción de Aguacate","Tonelada","43","2009","RIOFRIO","PRODUCTIVIDAD","ECONOMICO PRODUCTIVO","1",
"76","76036","344","76036","","ANDALUCÍA","VALLE DEL CAUCA","ANDALUCÍA","324","","5000","5000","118814811.195741","55271.244117249","1194","862761","Producción de Aguacate","Tonelada","384","2009","ANDALUCIA","PRODUCTIVIDAD","ECONOMICO PRODUCTIVO","1",
"73","73352","352","73352","","ICONONZO","TOLIMA","ICONONZO","332","","5000","5000","213122522.271288","79377.3895319546","1194","862743","Producción de Aguacate","Tonelada","33","2009","ICONONZO","PRODUCTIVIDAD","ECONOMICO PRODUCTIVO","1",
"73","73854","354","73854","","VALLE DE SAN JUAN","TOLIMA","VALLE DE SAN JUAN","334","","5000","5000","201679428.659016","60309.370209083805","1194","862756","Producción de Aguacate","Tonelada","136","2009","VALLE DE SAN JUAN","PRODUCTIVIDAD","ECONOMICO PRODUCTIVO","1",
"73","73622","355","73622","","RONCESVALLES","TOLIMA","RONCESVALLES","335","","5000","5000","778624440.278869","121253.590273214","1194","862752","Producción de Aguacate","Tonelada","516","2009","RONCESVALLES","PRODUCTIVIDAD","ECONOMICO PRODUCTIVO","1",
"50","50001","356","50001","","VILLAVICENCIO","META","VILLAVICENCIO","336","","5000","5000","1273652466.37656","192759.686809071","1194","861641","Producción de Aguacate","Tonelada","320","2009","VILLAVICENCIO","PRODUCTIVIDAD","ECONOMICO PRODUCTIVO","1",
"76","76828","360","76828","","TRUJILLO","VALLE DEL CAUCA","TRUJILLO","340","","5000","5000","322963373.185897","71775.63323853491","1194","863821","Producción de Aguacate","Tonelada","176","2009","TRUJILLO","PRODUCTIVIDAD","ECONOMICO PRODUCTIVO","1",
"76","76041","381","76041","","ANSERMANUEVO","VALLE DEL CAUCA","ANSERMANUEVO","440","","5000","5000","304743422.435147","80546.5249849925","1194","862762","Producción de Aguacate","Tonelada","241","2009","ANSERMANUEVO","PRODUCTIVIDAD","ECONOMICO PRODUCTIVO","1",
"66","66001","386","66001","","PEREIRA","RISARALDA","PEREIRA","445","","5000","5000","595966106.957513","177289.161314789","1194","862706","Producción de Aguacate","Tonelada","3600","2009","PEREIRA","PRODUCTIVIDAD","ECONOMICO PRODUCTIVO","1",
"44","44078","443","44078","","BARRANCAS","LA GUAJIRA","BARRANCAS","426","","5000","5000","788223954.474437","132655.42396559","1194","861631","Producción de Aguacate","Tonelada","68","2009","BARRANCAS","PRODUCTIVIDAD","ECONOMICO PRODUCTIVO","1",
"44","44378","444","44378","","HATONUEVO","LA GUAJIRA","HATONUEVO","427","","5000","5000","228281117.932505","103132.815630459","1194","861636","Producción de Aguacate","Tonelada","32","2009","HATO NUEVO","PRODUCTIVIDAD","ECONOMICO PRODUCTIVO","1",
"73","73870","452","73870","","VILLAHERMOSA","TOLIMA","VILLAHERMOSA","435","","5000","5000","287171565.86794","89348.12930352859","1194","862758","Producción de Aguacate","Tonelada","","2009","VILLAHERMOSA","PRODUCTIVIDAD","ECONOMICO PRODUCTIVO","1",
"85","85162","453","85162","","MONTERREY","CASANARE","MONTERREY","436","","5000","5000","788122059.833942","132088.56384939599","1194","863828","Producción de Aguacate","Tonelada","100","2009","MONTERREY","PRODUCTIVIDAD","ECONOMICO PRODUCTIVO","1",
"17","17088","454","17088","","BELALCÁZAR","CALDAS","BELALCÁZAR","437","","5000","5000","106704838.654939","47777.8999920291","1194","860521","Producción de Aguacate","Tonelada","347","2009","BELALCAZAR","PRODUCTIVIDAD","ECONOMICO PRODUCTIVO","1",
"66","66400","390","66400","","LA VIRGINIA","RISARALDA","LA VIRGINIA","449","","5000","5000","33171050.5863306","22394.294559608203","1194","862712","Producción de Aguacate","Tonelada","48","2009","LA VIRGINIA","PRODUCTIVIDAD","ECONOMICO PRODUCTIVO","1",
"20","20045","395","20045","","BECERRILL","CESAR","BECERRILL","454","","5000","5000","1225202399.97314","196998.608973356","1194","861584","Producción de Aguacate","Tonelada","88","2009","BECERRIL","PRODUCTIVIDAD","ECONOMICO PRODUCTIVO","1",
"13","13654","396","13654","","SAN JACINTO","BOLÍVAR","SAN JACINTO","455","","5000","5000","454650284.914943","108510.304862674","1194","860507","Producción de Aguacate","Tonelada","5040","2009","SAN JACINTO","PRODUCTIVIDAD","ECONOMICO PRODUCTIVO","1",
"63","63001","398","63001","","ARMENIA","QUINDÍO","ARMENIA","381","","5000","5000","115363285.992307","68265.9905378994","1194","862694","Producción de Aguacate","Tonelada","644","2009","ARMENIA","PRODUCTIVIDAD","ECONOMICO PRODUCTIVO","1",
"25","25599","402","25599","","APULO","CUNDINAMARCA","APULO","385","","5000","5000","123167396.99454","58281.6716396228","1194","861602","Producción de Aguacate","Tonelada","175","2009","APULO","PRODUCTIVIDAD","ECONOMICO PRODUCTIVO","1",
"25","25368","409","25368","","JERUSALÉN","CUNDINAMARCA","JERUSALÉN","392","","5000","5000","225584354.272411","62330.1655003791","1194","861599","Producción de Aguacate","Tonelada","88","2009","JERUSALEN","PRODUCTIVIDAD","ECONOMICO PRODUCTIVO","1",
"63","63594","410","63594","","QUIMBAYA","QUINDÍO","QUIMBAYA","393","","5000","5000","144362325.316556","48235.0958199336","1194","862704","Producción de Aguacate","Tonelada","361","2009","QUIMBAYA","PRODUCTIVIDAD","ECONOMICO PRODUCTIVO","1",
"76","76497","411","76497","","OBANDO","VALLE DEL CAUCA","OBANDO","394","","5000","5000","211161079.79402","60349.4248426459","1194","863813","Producción de Aguacate","Tonelada","42","2009","OBANDO","PRODUCTIVIDAD","ECONOMICO PRODUCTIVO","1",
"63","63190","412","63190","","CIRCASIA","QUINDÍO","CIRCASIA","395","","5000","5000","95885635.2621858","47167.5295458054","1194","862697","Producción de Aguacate","Tonelada","55","2009","CIRCASIA","PRODUCTIVIDAD","ECONOMICO PRODUCTIVO","1",
"73","73001","417","73001","","IBAGUÉ","TOLIMA","IBAGUÉ","400","","5000","5000","1328364884.47341","233643.074078041","1194","862733","Producción de Aguacate","Tonelada","656","2009","IBAGUE","PRODUCTIVIDAD","ECONOMICO PRODUCTIVO","1",
"73","73026","418","73026","","ALVARADO","TOLIMA","ALVARADO","401","","5000","5000","346557588.504444","80142.7561690788","1194","862734","Producción de Aguacate","Tonelada","2830","2009","ALVARADO","PRODUCTIVIDAD","ECONOMICO PRODUCTIVO","1",
"63","63690","419","63690","","SALENTO","QUINDÍO","SALENTO","402","","5000","5000","361585357.906775","90687.46363849571","1194","862705","Producción de Aguacate","Tonelada","111","2009","SALENTO","PRODUCTIVIDAD","ECONOMICO PRODUCTIVO","1",
"73","73043","420","73043","","ANZOÁTEGUI","TOLIMA","ANZOÁTEGUI","403","","5000","5000","480763558.023728","107040.66603148301","1194","862735","Producción de Aguacate","Tonelada","1408","2009","ANZOATEGUI","PRODUCTIVIDAD","ECONOMICO PRODUCTIVO","1",
"76","76020","423","76020","","ALCALÁ","VALLE DEL CAUCA","ALCALÁ","406","","5000","5000","56804075.7081447","39082.374102225906","1194","862760","Producción de Aguacate","Tonelada","157","2009","ALCALA","PRODUCTIVIDAD","ECONOMICO PRODUCTIVO","1",
"63","63272","424","63272","","FILANDIA","QUINDÍO","FILANDIA","407","","5000","5000","109441513.153041","50787.635446345506","1194","862699","Producción de Aguacate","Tonelada","42","2009","FILANDIA","PRODUCTIVIDAD","ECONOMICO PRODUCTIVO","1",
"76","76823","425","76823","","TORO","VALLE DEL CAUCA","TORO","408","","5000","5000","183351134.772711","60088.2528457692","1194","863820","Producción de Aguacate","Tonelada","60","2009","TORO","PRODUCTIVIDAD","ECONOMICO PRODUCTIVO","1",
"76","76845","428","76845","","ULLOA","VALLE DEL CAUCA","ULLOA","411","","5000","5000","41776096.2120206","39129.9483401031","1194","863823","Producción de Aguacate","Tonelada","440","2009","ULLOA","PRODUCTIVIDAD","ECONOMICO PRODUCTIVO","1",
"76","76054","433","76054","","ARGELIA","VALLE DEL CAUCA","ARGELIA","416","","5000","5000","81348455.3839734","42420.9611222822","1194","862763","Producción de Aguacate","Tonelada","1030","2009","ARGELIA","PRODUCTIVIDAD","ECONOMICO PRODUCTIVO","1",
"25","25299","434","25299","","GAMA","CUNDINAMARCA","GAMA","417","","5000","5000","107904331.933605","44405.4394291745","1194","861598","Producción de Aguacate","Tonelada","9","2009","GAMA","PRODUCTIVIDAD","ECONOMICO PRODUCTIVO","1",
"76","76147","440","76147","","CARTAGO","VALLE DEL CAUCA","CARTAGO","423","","5000","5000","237939887.392572","74762.4636218794","1194","862769","Producción de Aguacate","Tonelada","","2009","CARTAGO","PRODUCTIVIDAD","ECONOMICO PRODUCTIVO","1",
"73","73861","441","73861","","VENADILLO","TOLIMA","VENADILLO","424","","5000","5000","340557149.031112","91738.2258703366","1194","862757","Producción de Aguacate","Tonelada","945","2009","VENADILLO","PRODUCTIVIDAD","ECONOMICO PRODUCTIVO","1",
"17","17042","504","17042","","ANSERMA","CALDAS","ANSERMA","483","","5000","5000","215866369.008878","77065.44299921181","1194","860519","Producción de Aguacate","Tonelada","792","2009","ANSERMA","PRODUCTIVIDAD","ECONOMICO PRODUCTIVO","1",
"73","73283","507","73283","","FRESNO","TOLIMA","FRESNO","486","","5000","5000","208832456.236826","69135.96899832251","1194","862741","Producción de Aguacate","Tonelada","25668","2009","FRESNO","PRODUCTIVIDAD","ECONOMICO PRODUCTIVO","1",
"20","20228","516","20228","","CURUMANÍ","CESAR","CURUMANÍ","495","","5000","5000","944766743.626656","135174.598419589","1194","861586","Producción de Aguacate","Tonelada","170","2009","CURUMANI","PRODUCTIVIDAD","ECONOMICO PRODUCTIVO","1",
"05","05001","463","05001","","MEDELLÍN","ANTIOQUIA","MEDELLÍN","508","","5000","5000","364515235.808881","88435.381592638","1194","859400","Producción de Aguacate","Tonelada","36","2009","MEDELLIN","PRODUCTIVIDAD","ECONOMICO PRODUCTIVO","1",
"15","15753","467","15753","","SOATÁ","BOYACÁ","SOATÁ","512","","5000","5000","119905087.032679","46328.399575717","1194","860516","Producción de Aguacate","Tonelada","16","2009","SOATA","PRODUCTIVIDAD","ECONOMICO PRODUCTIVO","1",
"05","05674","469","05674","","SAN VICENTE","ANTIOQUIA","SAN VICENTE","514","","5000","5000","227460544.596721","61804.981069551905","1194","860488","Producción de Aguacate","Tonelada","50","2009","SAN VICENTE","PRODUCTIVIDAD","ECONOMICO PRODUCTIVO","1",
"05","05021","474","05021","","ALEJANDRÍA","ANTIOQUIA","ALEJANDRÍA","519","","5000","5000","130346246.071572","60992.8742342798","1194","859402","Producción de Aguacate","Tonelada","","2009","ALEJANDRIA","PRODUCTIVIDAD","ECONOMICO PRODUCTIVO","1",
"20","20013","487","20013","","AGUSTÍN CODAZZI","CESAR","AGUSTÍN CODAZZI","466","","5000","5000","1744982818.67027","233707.02283220302","1194","861583","Producción de Aguacate","Tonelada","320","2009","AGUSTIN CODAZZI","PRODUCTIVIDAD","ECONOMICO PRODUCTIVO","1",
"17","17174","496","17174","","CHINCHINÁ","CALDAS","CHINCHINÁ","475","","5000","5000","126513871.61606","61665.3933083513","1194","860522","Producción de Aguacate","Tonelada","200","2009","CHINCHINA","PRODUCTIVIDAD","ECONOMICO PRODUCTIVO","1",
"25","25491","497","25491","","NOCAIMA","CUNDINAMARCA","NOCAIMA","476","","5000","5000","71219511.6597107","31657.350133497403","1194","861600","Producción de Aguacate","Tonelada","6","2009","NOCAIMA","PRODUCTIVIDAD","ECONOMICO PRODUCTIVO","1",
"25","25777","499","25777","","SUPATÁ","CUNDINAMARCA","SUPATÁ","478","","5000","5000","138540577.873939","45160.483559995104","1194","861604","Producción de Aguacate","Tonelada","75","2009","SUPATA","PRODUCTIVIDAD","ECONOMICO PRODUCTIVO","1",
"73","73152","501","73152","","CASABIANCA","TOLIMA","CASABIANCA","480","","5000","5000","175980818.136537","97738.3171767254","1194","862738","Producción de Aguacate","Tonelada","330","2009","CASABIANCA","PRODUCTIVIDAD","ECONOMICO PRODUCTIVO","1",
"17","17665","502","17665","","SAN JOSÉ","CALDAS","SAN JOSÉ","481","","5000","5000","60829269.5398395","39922.3935329867","1194","860534","Producción de Aguacate","Tonelada","270","2009","SAN JOSE","PRODUCTIVIDAD","ECONOMICO PRODUCTIVO","1",
"05","05036","522","05036","","ANGELÓPOLIS","ANTIOQUIA","ANGELÓPOLIS","583","","5000","5000","79518611.7930652","39846.4231623496","1194","859405","Producción de Aguacate","Tonelada","494","2009","ANGELOPOLIS","PRODUCTIVIDAD","ECONOMICO PRODUCTIVO","1",
"15","15507","585","15507","","OTANCHE","BOYACÁ","OTANCHE","561","","5000","5000","468069864.708749","104796.46894946201","1194","860512","Producción de Aguacate","Tonelada","","2009","OTANCHE","PRODUCTIVIDAD","ECONOMICO PRODUCTIVO","1",
"05","05756","587","05756","","SONSÓN","ANTIOQUIA","SONSÓN","563","","5000","5000","1349807894.53249","289718.242573547","1194","860491","Producción de Aguacate","Tonelada","840","2009","SONSON","PRODUCTIVIDAD","ECONOMICO PRODUCTIVO","1",
"17","17433","590","17433","","MANZANARES","CALDAS","MANZANARES","566","","5000","5000","197110924.177195","65025.8793723528","1194","860525","Producción de Aguacate","Tonelada","200","2009","MANZANARES","PRODUCTIVIDAD","ECONOMICO PRODUCTIVO","1",
"73","73443","592","73443","","MARIQUITA","TOLIMA","MARIQUITA","568","","5000","5000","301799668.412967","69066.35788190541","1194","862746","Producción de Aguacate","Tonelada","16039","2009","MARIQUITA","PRODUCTIVIDAD","ECONOMICO PRODUCTIVO","1",
"25","25258","594","25258","","EL PEÑÓN","CUNDINAMARCA","EL PEÑÓN","570","","5000","5000","144713609.612775","52812.0706094173","1194","861597","Producción de Aguacate","Tonelada","","2009","EL PENON","PRODUCTIVIDAD","ECONOMICO PRODUCTIVO","1",
"17","17444","596","17444","","MARQUETALIA","CALDAS","MARQUETALIA","572","","5000","5000","105726629.478482","45617.738206536305","1194","860527","Producción de Aguacate","Tonelada","480","2009","MARQUETALIA","PRODUCTIVIDAD","ECONOMICO PRODUCTIVO","1",
"17","17050","597","17050","","ARANZAZU","CALDAS","ARANZAZU","573","","5000","5000","130796151.902848","63271.8147724473","1194","860520","Producción de Aguacate","Tonelada","","2009","ARANZAZU","PRODUCTIVIDAD","ECONOMICO PRODUCTIVO","1",
"05","05631","600","05631","","SABANETA","ANTIOQUIA","SABANETA","576","","5000","5000","9898136.86047588","14569.7884310155","1194","860483","Producción de Aguacate","Tonelada","175","2009","SABANETA","PRODUCTIVIDAD","ECONOMICO PRODUCTIVO","1",
"05","05209","602","05209","","CONCORDIA","ANTIOQUIA","CONCORDIA","578","","5000","5000","252906374.640544","70659.71345964541","1194","859416","Producción de Aguacate","Tonelada","","2009","CONCORDIA","PRODUCTIVIDAD","ECONOMICO PRODUCTIVO","1",
"05","05380","604","05380","","LA ESTRELLA","ANTIOQUIA","LA ESTRELLA","580","","5000","5000","34277535.6705955","23882.579799847","1194","860472","Producción de Aguacate","Tonelada","20","2009","LA ESTRELLA","PRODUCTIVIDAD","ECONOMICO PRODUCTIVO","1",
"05","05697","605","05697","","SANTUARIO","ANTIOQUIA","SANTUARIO","581","","5000","5000","77228255.7505246","45593.9453018809","1194","860490","Producción de Aguacate","Tonelada","4","2009","SANTUARIO","PRODUCTIVIDAD","ECONOMICO PRODUCTIVO","1",
"05","05364","534","05364","","JARDÍN","ANTIOQUIA","JARDÍN","595","","5000","5000","210498021.223761","65597.7168309231","1194","860469","Producción de Aguacate","Tonelada","300","2009","JARDIN","PRODUCTIVIDAD","ECONOMICO PRODUCTIVO","1",
"73","73411","536","73411","","LÍBANO","TOLIMA","LÍBANO","597","","5000","5000","289259163.027747","74940.81827571339","1194","862745","Producción de Aguacate","Tonelada","930","2009","LIBANO","PRODUCTIVIDAD","ECONOMICO PRODUCTIVO","1",
"85","85300","537","85300","","SABANALARGA","CASANARE","SABANALARGA","598","","5000","5000","399513636.437025","106229.91689404601","1194","863830","Producción de Aguacate","Tonelada","","2009","SABANALARGA","PRODUCTIVIDAD","ECONOMICO PRODUCTIVO","1",
"25","25718","541","25718","","SASAIMA","CUNDINAMARCA","SASAIMA","602","","5000","5000","102977090.9609","46415.0494183534","1194","861603","Producción de Aguacate","Tonelada","100","2009","SASAIMA","PRODUCTIVIDAD","ECONOMICO PRODUCTIVO","1",
"66","66440","545","66440","","MARSELLA","RISARALDA","MARSELLA","606","","5000","5000","145315448.139365","54240.090648371406","1194","862713","Producción de Aguacate","Tonelada","1440","2009","MARSELLA","PRODUCTIVIDAD","ECONOMICO PRODUCTIVO","1",
"76","76246","556","76246","","EL CAIRO","VALLE DEL CAUCA","EL CAIRO","532","","5000","5000","219931175.09584","59388.4146826431","1194","863807","Producción de Aguacate","Tonelada","79","2009","EL CAIRO","PRODUCTIVIDAD","ECONOMICO PRODUCTIVO","1",
"20","20400","563","20400","","LA JAGUA DE IBIRICO","CESAR","LA JAGUA DE IBIRICO","539","","5000","5000","769389777.353669","162121.723709377","1194","861588","Producción de Aguacate","Tonelada","1550","2009","LA JAGUA DE IBIRICO","PRODUCTIVIDAD","ECONOMICO PRODUCTIVO","1",
"13","13244","567","13244","","EL CARMEN DE BOLÍVAR","BOLÍVAR","EL CARMEN DE BOLÍVAR","543","","5000","5000","940901786.970523","162398.552444544","1194","860505","Producción de Aguacate","Tonelada","33000","2009","EL CARMEN DE BOLIVAR","PRODUCTIVIDAD","ECONOMICO PRODUCTIVO","1",
"85","85263","573","85263","","PORE","CASANARE","PORE","549","","5000","5000","775446628.868943","136371.26200023602","1194","863829","Producción de Aguacate","Tonelada","19","2009","PORE","PRODUCTIVIDAD","ECONOMICO PRODUCTIVO","1",
"05","05368","580","05368","","JERICÓ","ANTIOQUIA","JERICÓ","556","","5000","5000","208638487.975327","68050.46417926681","1194","860470","Producción de Aguacate","Tonelada","40","2009","JERICO","PRODUCTIVIDAD","ECONOMICO PRODUCTIVO","1",
"15","15514","655","15514","","PÁEZ","BOYACÁ","PÁEZ","633","","5000","5000","332427161.162148","94047.6784002775","1194","860513","Producción de Aguacate","Tonelada","","2009","PAEZ","PRODUCTIVIDAD","ECONOMICO PRODUCTIVO","1",
"17","17272","661","17272","","FILADELFIA","CALDAS","FILADELFIA","639","","5000","5000","191388918.650464","59530.916070314604","1194","860523","Producción de Aguacate","Tonelada","750","2009","FILADELFIA","PRODUCTIVIDAD","ECONOMICO PRODUCTIVO","1",
"85","85015","664","85015","","CHÁMEZA","CASANARE","CHÁMEZA","642","","5000","5000","306850267.638","96076.7655899259","1194","863827","Producción de Aguacate","Tonelada","13","2009","CHAMEZA","PRODUCTIVIDAD","ECONOMICO PRODUCTIVO","1",
"66","66318","667","66318","","GUÁTICA","RISARALDA","GUÁTICA","645","","5000","5000","98651201.9379571","45448.381187396895","1194","862710","Producción de Aguacate","Tonelada","70","2009","GUATICA","PRODUCTIVIDAD","ECONOMICO PRODUCTIVO","1",
"66","66594","669","66594","","QUINCHÍA","RISARALDA","QUINCHÍA","647","","5000","5000","134637439.740723","44920.9392338124","1194","862715","Producción de Aguacate","Tonelada","63","2009","QUINCHIA","PRODUCTIVIDAD","ECONOMICO PRODUCTIVO","1",
"15","15367","610","15367","","JENESANO","BOYACÁ","JENESANO","652","","5000","5000","70340551.2789322","40755.7356970527","1194","860511","Producción de Aguacate","Tonelada","60","2009","JENESANO","PRODUCTIVIDAD","ECONOMICO PRODUCTIVO","1",
"17","17388","617","17388","","LA MERCED","CALDAS","LA MERCED","659","","5000","5000","93575895.2862919","42979.0809499326","1194","860524","Producción de Aguacate","Tonelada","420","2009","LA MERCED","PRODUCTIVIDAD","ECONOMICO PRODUCTIVO","1",
"66","66383","629","66383","","LA CELIA","RISARALDA","LA CELIA","607","","5000","5000","91268050.0830208","46955.807060627805","1194","862711","Producción de Aguacate","Tonelada","60","2009","LA CELIA","PRODUCTIVIDAD","ECONOMICO PRODUCTIVO","1",
"76","76243","630","76243","","EL ÁGUILA","VALLE DEL CAUCA","EL ÁGUILA","608","","5000","5000","186111636.165975","67065.1135361819","1194","863806","Producción de Aguacate","Tonelada","9","2009","EL AGUILA","PRODUCTIVIDAD","ECONOMICO PRODUCTIVO","1",
"17","17873","631","17873","","VILLAMARIA","CALDAS","VILLAMARIA","609","","5000","5000","452302946.935574","103579.68479341501","1194","860536","Producción de Aguacate","Tonelada","256","2009","VILLAMARIA","PRODUCTIVIDAD","ECONOMICO PRODUCTIVO","1",
"66","66687","634","66687","","SANTUARIO","RISARALDA","SANTUARIO","612","","5000","5000","197201216.419304","76862.1407894064","1194","862717","Producción de Aguacate","Tonelada","40","2009","SANTUARIO","PRODUCTIVIDAD","ECONOMICO PRODUCTIVO","1",
"17","17877","635","17877","","VITERBO","CALDAS","VITERBO","613","","5000","5000","121856043.086373","55775.7565600171","1194","860537","Producción de Aguacate","Tonelada","462","2009","VITERBO","PRODUCTIVIDAD","ECONOMICO PRODUCTIVO","1",
"25","25807","636","25807","","TIBIRITA","CUNDINAMARCA","TIBIRITA","614","","5000","5000","56209499.6470238","30288.402247252103","1194","861605","Producción de Aguacate","Tonelada","2","2009","TIBIRITA","PRODUCTIVIDAD","ECONOMICO PRODUCTIVO","1",
"17","17524","637","17524","","PALESTINA","CALDAS","PALESTINA","615","","5000","5000","121435669.904368","47303.099409876406","1194","860530","Producción de Aguacate","Tonelada","267","2009","PALESTINA","PRODUCTIVIDAD","ECONOMICO PRODUCTIVO","1",
"73","73520","638","73520","","PALOCABILDO","TOLIMA","PALOCABILDO","616","","5000","5000","60261930.4961476","30075.6218277808","1194","862749","Producción de Aguacate","Tonelada","1020","2009","PALOCABILDO","PRODUCTIVIDAD","ECONOMICO PRODUCTIVO","1",
"73","73055","639","73055","","ARMERO (Guayabal)","TOLIMA","ARMERO (Guayabal)","617","","5000","5000","439041786.903187","107626.339580951","1194","862736","Producción de Aguacate","Tonelada","893","2009","ARMERO (Guayabal)","PRODUCTIVIDAD","ECONOMICO PRODUCTIVO","1",
"17","17001","645","17001","","MANIZALES","CALDAS","MANIZALES","623","","5000","5000","438369201.534557","114170.59722434399","1194","860518","Producción de Aguacate","Tonelada","225","2009","MANIZALES","PRODUCTIVIDAD","ECONOMICO PRODUCTIVO","1",
"73","73347","646","73347","","HERVEO","TOLIMA","HERVEO","624","","5000","5000","319192311.313093","94118.40659474181","1194","862742","Producción de Aguacate","Tonelada","500","2009","HERVEO","PRODUCTIVIDAD","ECONOMICO PRODUCTIVO","1",
"73","73270","647","73270","","FALAN","TOLIMA","FALAN","625","","5000","5000","182671691.16371","66510.484575454","1194","862740","Producción de Aguacate","Tonelada","1880","2009","FALAN","PRODUCTIVIDAD","ECONOMICO PRODUCTIVO","1",
"17","17616","648","17616","","RISARALDA","CALDAS","RISARALDA","626","","5000","5000","90747493.9375671","56967.0570484854","1194","860532","Producción de Aguacate","Tonelada","1800","2009","RISARALDA","PRODUCTIVIDAD","ECONOMICO PRODUCTIVO","1",
"85","85410","650","85410","","TAURAMENA","CASANARE","TAURAMENA","628","","5000","5000","2369629086.84042","332323.246083625","1194","863831","Producción de Aguacate","Tonelada","12","2009","TAURAMENA","PRODUCTIVIDAD","ECONOMICO PRODUCTIVO","1",
"27","27660","651","27660","","SAN JOSÉ DEL PALMAR","CHOCÓ","SAN JOSÉ DEL PALMAR","629","","5000","5000","1591088324.65123","167568.081925923","1194","861607","Producción de Aguacate","Tonelada","120","2009","SAN JOSE DEL PALMAR","PRODUCTIVIDAD","ECONOMICO PRODUCTIVO","1",
"05","05376","673","05376","","LA CEJA","ANTIOQUIA","LA CEJA","732","","5000","5000","122784717.808262","56679.445873636105","1194","860471","Producción de Aguacate","Tonelada","1645","2009","LA CEJA","PRODUCTIVIDAD","ECONOMICO PRODUCTIVO","1",
"05","05642","674","05642","","SALGAR","ANTIOQUIA","SALGAR","733","","5000","5000","293598620.982096","77510.51783909659","1194","860484","Producción de Aguacate","Tonelada","96","2009","SALGAR","PRODUCTIVIDAD","ECONOMICO PRODUCTIVO","1",
"05","05030","678","05030","","AMAGÁ","ANTIOQUIA","AMAGÁ","737","","5000","5000","91720490.0354169","39168.3271217098","1194","859403","Producción de Aguacate","Tonelada","","2009","AMAGA","PRODUCTIVIDAD","ECONOMICO PRODUCTIVO","1",
"05","05282","732","05282","","FREDONIA","ANTIOQUIA","FREDONIA","714","","5000","5000","242606971.837516","77506.1786739044","1194","859418","Producción de Aguacate","Tonelada","550","2009","FREDONIA","PRODUCTIVIDAD","ECONOMICO PRODUCTIVO","1",
"05","05679","737","05679","","SANTA BÁRBARA","ANTIOQUIA","SANTA BÁRBARA","719","","5000","5000","194273655.854823","73596.252311061","1194","860489","Producción de Aguacate","Tonelada","3230","2009","SANTA BARBARA","PRODUCTIVIDAD","ECONOMICO PRODUCTIVO","1",
"05","05861","738","05861","","VENECIA","ANTIOQUIA","VENECIA","720","","5000","5000","141948955.413658","55374.5041787244","1194","860500","Producción de Aguacate","Tonelada","462","2009","VENECIA","PRODUCTIVIDAD","ECONOMICO PRODUCTIVO","1",
"27","27245","741","27245","","EL CARMEN","CHOCÓ","EL CARMEN","723","","5000","5000","831566674.121158","129841.061290518","1194","861606","Producción de Aguacate","Tonelada","","2009","EL CARMEN","PRODUCTIVIDAD","ECONOMICO PRODUCTIVO","1",
"05","05591","747","05591","","PUERTO TRIUNFO","ANTIOQUIA","PUERTO TRIUNFO","729","","5000","5000","357728302.862496","85411.628200183","1194","860479","Producción de Aguacate","Tonelada","55","2009","PUERTO TRIUNFO","PRODUCTIVIDAD","ECONOMICO PRODUCTIVO","1",
"05","05129","684","05129","","CALDAS","ANTIOQUIA","CALDAS","743","","5000","5000","135411325.186304","48051.265705598205","1194","859410","Producción de Aguacate","Tonelada","","2009","CALDAS","PRODUCTIVIDAD","ECONOMICO PRODUCTIVO","1",
"15","15572","686","15572","","PUERTO BOYACÁ","BOYACÁ","PUERTO BOYACÁ","745","","5000","5000","1527211418.731","200319.092671122","1194","860514","Producción de Aguacate","Tonelada","90","2009","PUERTO BOYACA","PRODUCTIVIDAD","ECONOMICO PRODUCTIVO","1",
"05","05093","687","05093","","BETULIA","ANTIOQUIA","BETULIA","746","","5000","5000","271372363.205037","77950.7328058411","1194","859409","Producción de Aguacate","Tonelada","","2009","BETULIA","PRODUCTIVIDAD","ECONOMICO PRODUCTIVO","1",
"15","15212","691","15212","","COPER","BOYACÁ","COPER","673","","5000","5000","149073213.345781","56672.0851813308","1194","860510","Producción de Aguacate","Tonelada","274","2009","COPER","PRODUCTIVIDAD","ECONOMICO PRODUCTIVO","1",
"17","17442","692","17442","","MARMATO","CALDAS","MARMATO","674","","5000","5000","38253308.6701663","26664.210669322398","1194","860526","Producción de Aguacate","Tonelada","","2009","MARMATO","PRODUCTIVIDAD","ECONOMICO PRODUCTIVO","1",
"17","17541","694","17541","","PENSILVANIA","CALDAS","PENSILVANIA","676","","5000","5000","497323804.920249","119948.409722932","1194","860531","Producción de Aguacate","Tonelada","165","2009","PENSILVANIA","PRODUCTIVIDAD","ECONOMICO PRODUCTIVO","1",
"66","66456","705","66456","","MISTRATÓ","RISARALDA","MISTRATÓ","687","","5000","5000","566768411.765199","111006.296395626","1194","862714","Producción de Aguacate","Tonelada","27","2009","MISTRATO","PRODUCTIVIDAD","ECONOMICO PRODUCTIVO","1",
"17","17495","706","17495","","NORCASIA","CALDAS","NORCASIA","688","","5000","5000","225531837.11529","83092.905902087","1194","860528","Producción de Aguacate","Tonelada","1121","2009","NORCASIA","PRODUCTIVIDAD","ECONOMICO PRODUCTIVO","1",
"05","05856","709","05856","","VALPARAISO","ANTIOQUIA","VALPARAISO","691","","5000","5000","130528855.108635","55498.2842050458","1194","860499","Producción de Aguacate","Tonelada","80","2009","VALPARAISO","PRODUCTIVIDAD","ECONOMICO PRODUCTIVO","1",
"15","15681","710","15681","","SAN PABLO DE BORBUR","BOYACÁ","SAN PABLO DE BORBUR","692","","5000","5000","197146630.74814","54056.3323391104","1194","860515","Producción de Aguacate","Tonelada","340","2009","SAN PABLO DE BORBUR","PRODUCTIVIDAD","ECONOMICO PRODUCTIVO","1",
"05","05034","713","05034","","ANDES","ANTIOQUIA","ANDES","695","","5000","5000","394220348.025119","107275.66410329401","1194","859404","Producción de Aguacate","Tonelada","50","2009","ANDES","PRODUCTIVIDAD","ECONOMICO PRODUCTIVO","1",
"05","05091","718","05091","","BETANIA","ANTIOQUIA","BETANIA","700","","5000","5000","186665693.592137","62348.205888508404","1194","859408","Producción de Aguacate","Tonelada","21","2009","BETANIA","PRODUCTIVIDAD","ECONOMICO PRODUCTIVO","1",
"05","05789","719","05789","","TÁMESIS","ANTIOQUIA","TÁMESIS","701","","5000","5000","233706937.827912","71445.9626266079","1194","860492","Producción de Aguacate","Tonelada","720","2009","TAMESIS","PRODUCTIVIDAD","ECONOMICO PRODUCTIVO","1",
"05","05792","724","05792","","TARSO","ANTIOQUIA","TARSO","706","","5000","5000","126063994.966046","43473.6225095033","1194","860493","Producción de Aguacate","Tonelada","","2009","TARSO","PRODUCTIVIDAD","ECONOMICO PRODUCTIVO","1",
"05","05002","725","05002","","ABEJORRAL","ANTIOQUIA","ABEJORRAL","707","","5000","5000","504773564.191275","100644.737589671","1194","859401","Producción de Aguacate","Tonelada","578","2009","ABEJORRAL","PRODUCTIVIDAD","ECONOMICO PRODUCTIVO","1",
"05","05467","727","05467","","MONTEBELLO","ANTIOQUIA","MONTEBELLO","709","","5000","5000","87253584.2427812","36930.060808744","1194","860475","Producción de Aguacate","Tonelada","1428","2009","MONTEBELLO","PRODUCTIVIDAD","ECONOMICO PRODUCTIVO","1",
"05","05664","798","05664","","SAN PEDRO","ANTIOQUIA","SAN PEDRO","778","","5000","5000","214933646.106241","70459.6765058568","1194","860487","Producción de Aguacate","Tonelada","70","2009","SAN PEDRO","PRODUCTIVIDAD","ECONOMICO PRODUCTIVO","1",
"68","68385","805","68385","","LANDÁZURI","SANTANDER","LANDÁZURI","785","","5000","5000","581644535.710996","164425.428053685","1194","862726","Producción de Aguacate","Tonelada","2220","2009","LANDAZURI","PRODUCTIVIDAD","ECONOMICO PRODUCTIVO","1",
"05","05237","808","05237","","DON MATÍAS","ANTIOQUIA","DON MATÍAS","788","","5000","5000","218360111.485841","78544.70375844989","1194","859417","Producción de Aguacate","Tonelada","40","2009","DON MATIAS","PRODUCTIVIDAD","ECONOMICO PRODUCTIVO","1",
"05","05847","812","05847","","URRAO","ANTIOQUIA","URRAO","792","","5000","5000","2559749291.90783","265221.128623979","1194","860498","Producción de Aguacate","Tonelada","313","2009","URRAO","PRODUCTIVIDAD","ECONOMICO PRODUCTIVO","1",
"05","05425","755","05425","","MACEO","ANTIOQUIA","MACEO","802","","5000","5000","389836594.87024","110757.310233504","1194","860473","Producción de Aguacate","Tonelada","30","2009","MACEO","PRODUCTIVIDAD","ECONOMICO PRODUCTIVO","1",
"68","68266","762","68266","","ENCISO","SANTANDER","ENCISO","809","","5000","5000","78384767.7406706","43450.0875669086","1194","862725","Producción de Aguacate","Tonelada","64","2009","ENCISO","PRODUCTIVIDAD","ECONOMICO PRODUCTIVO","1",
"68","68245","773","68245","","EL GUACAMAYO","SANTANDER","EL GUACAMAYO","753","","5000","5000","97796668.0808269","53953.9862569362","1194","862723","Producción de Aguacate","Tonelada","12","2009","EL GUACAMAYO","PRODUCTIVIDAD","ECONOMICO PRODUCTIVO","1",
"05","05541","774","05541","","PEÑOL","ANTIOQUIA","PEÑOL","754","","5000","5000","114212985.127266","55934.684911773504","1194","860477","Producción de Aguacate","Tonelada","413","2009","PENOL","PRODUCTIVIDAD","ECONOMICO PRODUCTIVO","1",
"05","05649","777","05649","","SAN CARLOS","ANTIOQUIA","SAN CARLOS","757","","5000","5000","715614204.013204","128026.900885426","1194","860485","Producción de Aguacate","Tonelada","","2009","SAN CARLOS","PRODUCTIVIDAD","ECONOMICO PRODUCTIVO","1",
"05","05318","780","05318","","GUARNE","ANTIOQUIA","GUARNE","760","","5000","5000","160679942.666453","53827.0544877919","1194","859421","Producción de Aguacate","Tonelada","1820","2009","GUARNE","PRODUCTIVIDAD","ECONOMICO PRODUCTIVO","1",
"05","05206","784","05206","","CONCEPCIÓN","ANTIOQUIA","CONCEPCIÓN","764","","5000","5000","206660697.668333","57529.167980266706","1194","859415","Producción de Aguacate","Tonelada","16","2009","CONCEPCION","PRODUCTIVIDAD","ECONOMICO PRODUCTIVO","1",
"05","05142","785","05142","","CARACOLÍ","ANTIOQUIA","CARACOLÍ","765","","5000","5000","278900881.878396","84652.5687434102","1194","859411","Producción de Aguacate","Tonelada","50","2009","CARACOLI","PRODUCTIVIDAD","ECONOMICO PRODUCTIVO","1",
"05","05656","794","05656","","SAN JERÓNIMO","ANTIOQUIA","SAN JERÓNIMO","774","","5000","5000","169903995.281537","50592.3504295127","1194","860486","Producción de Aguacate","Tonelada","85","2009","SAN JERONIMO","PRODUCTIVIDAD","ECONOMICO PRODUCTIVO","1",
"05","05543","818","05543","","PEQUE","ANTIOQUIA","PEQUE","866","","5000","5000","441349150.47666","101534.221524219","1194","860478","Producción de Aguacate","Tonelada","75","2009","PEQUE","PRODUCTIVIDAD","ECONOMICO PRODUCTIVO","1",
"05","05887","819","05887","","YARUMAL","ANTIOQUIA","YARUMAL","867","","5000","5000","727432404.032763","162116.716564854","1194","860502","Producción de Aguacate","Tonelada","","2009","YARUMAL","PRODUCTIVIDAD","ECONOMICO PRODUCTIVO","1",
"68","68001","824","68001","","BUCARAMANGA","SANTANDER","BUCARAMANGA","872","","5000","5000","159160752.412121","59522.5870004042","1194","862718","Producción de Aguacate","Tonelada","16","2009","BUCARAMANGA","PRODUCTIVIDAD","ECONOMICO PRODUCTIVO","1",
"05","05628","865","05628","","SABANALARGA","ANTIOQUIA","SABANALARGA","853","","5000","5000","259643103.325332","77759.4061187265","1194","860482","Producción de Aguacate","Tonelada","","2009","SABANALARGA","PRODUCTIVIDAD","ECONOMICO PRODUCTIVO","1",
"05","05819","868","05819","","TOLEDO","ANTIOQUIA","TOLEDO","856","","5000","5000","124996334.531105","46883.451398910205","1194","860495","Producción de Aguacate","Tonelada","250","2009","TOLEDO","PRODUCTIVIDAD","ECONOMICO PRODUCTIVO","1",
"68","68689","873","68689","","SAN VICENTE DE CHUCURÍ","SANTANDER","SAN VICENTE DE CHUCURÍ","861","","5000","5000","1095565082.50217","189221.496361656","1194","862728","Producción de Aguacate","Tonelada","2568","2009","SAN VICENTE DE CHUCURI","PRODUCTIVIDAD","ECONOMICO PRODUCTIVO","1",
"68","68092","874","68092","","BETULIA","SANTANDER","BETULIA","862","","5000","5000","429692279.767448","113757.98203776199","1194","862720","Producción de Aguacate","Tonelada","440","2009","BETULIA","PRODUCTIVIDAD","ECONOMICO PRODUCTIVO","1",
"68","68190","831","68190","","CIMITARRA","SANTANDER","CIMITARRA","819","","5000","5000","3193205176.5259","262074.754147509","1194","862721","Producción de Aguacate","Tonelada","700","2009","CIMITARRA","PRODUCTIVIDAD","ECONOMICO PRODUCTIVO","1",
"05","05150","838","05150","","CAROLINA","ANTIOQUIA","CAROLINA","826","","5000","5000","160506775.671734","50612.6383369546","1194","859414","Producción de Aguacate","Tonelada","","2009","CAROLINA","PRODUCTIVIDAD","ECONOMICO PRODUCTIVO","1",
"68","68051","839","68051","","ARATOCA","SANTANDER","ARATOCA","827","","5000","5000","166226762.672059","66809.3227977482","1194","862719","Producción de Aguacate","Tonelada","75","2009","ARATOCA","PRODUCTIVIDAD","ECONOMICO PRODUCTIVO","1",
"68","68235","840","68235","","EL CARMEN","SANTANDER","EL CARMEN","828","","5000","5000","932075787.613906","127424.684312726","1194","862722","Producción de Aguacate","Tonelada","4399","2009","EL CARMEN","PRODUCTIVIDAD","ECONOMICO PRODUCTIVO","1",
"05","05873","841","05873","","VIGÍA DEL FUERTE","ANTIOQUIA","VIGÍA DEL FUERTE","829","","5000","5000","1695394103.29653","248393.779363892","1194","860501","Producción de Aguacate","Tonelada","120","2009","VIGIA DEL FUERTE","PRODUCTIVIDAD","ECONOMICO PRODUCTIVO","1",
"05","05310","842","05310","","GÓMEZ PLATA","ANTIOQUIA","GÓMEZ PLATA","830","","5000","5000","329975523.790086","78158.5652089947","1194","859420","Producción de Aguacate","Tonelada","","2009","GOMEZ PLATA","PRODUCTIVIDAD","ECONOMICO PRODUCTIVO","1",
"05","05284","852","05284","","FRONTINO","ANTIOQUIA","FRONTINO","840","","5000","5000","1373835453.0516","214480.354356181","1194","859419","Producción de Aguacate","Tonelada","","2009","FRONTINO","PRODUCTIVIDAD","ECONOMICO PRODUCTIVO","1",
"05","05842","858","05842","","URAMITA","ANTIOQUIA","URAMITA","846","","5000","5000","275479265.775577","88519.7696579658","1194","860497","Producción de Aguacate","Tonelada","20","2009","URAMITA","PRODUCTIVIDAD","ECONOMICO PRODUCTIVO","1",
"54","54051","915","54051","","ARBOLEDAS","NORTE DE SANTANDER","ARBOLEDAS","902","","5000","5000","450309207.530269","109065.078779692","1194","861653","Producción de Aguacate","Tonelada","110","2009","ARBOLEDAS","PRODUCTIVIDAD","ECONOMICO PRODUCTIVO","1",
"68","68615","917","68615","","RIONEGRO","SANTANDER","RIONEGRO","904","","5000","5000","1152730634.06144","248567.608556636","1194","862727","Producción de Aguacate","Tonelada","4690","2009","RIONEGRO","PRODUCTIVIDAD","ECONOMICO PRODUCTIVO","1",
"54","54385","920","54385","","LA ESPERANZA","NORTE DE SANTANDER","LA ESPERANZA","907","","5000","5000","678516173.881183","145439.033487856","1194","862691","Producción de Aguacate","Tonelada","369","2009","LA ESPERANZA","PRODUCTIVIDAD","ECONOMICO PRODUCTIVO","1",
"54","54239","921","54239","","DURANIA","NORTE DE SANTANDER","DURANIA","908","","5000","5000","180730704.848462","57355.407758816","1194","861656","Producción de Aguacate","Tonelada","75","2009","DURANIA","PRODUCTIVIDAD","ECONOMICO PRODUCTIVO","1",
"54","54128","922","54128","","CÁCHIRA","NORTE DE SANTANDER","CÁCHIRA","909","","5000","5000","616766147.911942","148758.11071320903","1194","861655","Producción de Aguacate","Tonelada","35","2009","CACHIRA","PRODUCTIVIDAD","ECONOMICO PRODUCTIVO","1",
"13","13006","924","13006","","ACHÍ","BOLÍVAR","ACHÍ","959","","5000","5000","966382400.635813","144224.943875589","1194","860503","Producción de Aguacate","Tonelada","800","2009","ACHI","PRODUCTIVIDAD","ECONOMICO PRODUCTIVO","1",
"54","54313","885","54313","","GRAMALOTE","NORTE DE SANTANDER","GRAMALOTE","920","","5000","5000","140979309.370443","61676.8981216577","1194","861658","Producción de Aguacate","Tonelada","","2009","GRAMALOTE","PRODUCTIVIDAD","ECONOMICO PRODUCTIVO","1",
"54","54418","886","54418","","LOURDES","NORTE DE SANTANDER","LOURDES","921","","5000","5000","85283062.1170695","41699.9353094801","1194","862692","Producción de Aguacate","Tonelada","100","2009","LOURDES","PRODUCTIVIDAD","ECONOMICO PRODUCTIVO","1",
"54","54518","900","54518","","PAMPLONA","NORTE DE SANTANDER","PAMPLONA","887","","5000","5000","300661318.460952","93990.7737210677","1194","862693","Producción de Aguacate","Tonelada","40","2009","PAMPLONA","PRODUCTIVIDAD","ECONOMICO PRODUCTIVO","1",
"05","05361","906","05361","","ITUANGO","ANTIOQUIA","ITUANGO","893","","5000","5000","2839244483.91667","312221.136350669","1194","860468","Producción de Aguacate","Tonelada","140","2009","ITUANGO","PRODUCTIVIDAD","ECONOMICO PRODUCTIVO","1",
"68","68255","908","68255","","EL PLAYÓN","SANTANDER","EL PLAYÓN","895","","5000","5000","462574459.374488","104086.624879727","1194","862724","Producción de Aguacate","Tonelada","450","2009","EL PLAYON","PRODUCTIVIDAD","ECONOMICO PRODUCTIVO","1",
"23","23419","932","23419","","LOS CÓRDOBAS","CÓRDOBA","LOS CÓRDOBAS","967","","5000","5000","336951255.244643","99157.3000861064","1194","861595","Producción de Aguacate","Tonelada","30","2009","LOS CORDOBAS","PRODUCTIVIDAD","ECONOMICO PRODUCTIVO","1",
"05","05837","961","05837","","TURBO","ANTIOQUIA","TURBO","948","","5000","5000","2829510683.60451","472975.34571703605","1194","860496","Producción de Aguacate","Tonelada","1221","2009","TURBO","PRODUCTIVIDAD","ECONOMICO PRODUCTIVO","1",
"05","05490","965","05490","","NECOCLÍ","ANTIOQUIA","NECOCLÍ","952","","5000","5000","1243063252.0638","192461.013034133","1194","860476","Producción de Aguacate","Tonelada","2520","2009","NECOCLI","PRODUCTIVIDAD","ECONOMICO PRODUCTIVO","1",
"13","13074","934","13074","","BARRANCO DE LOBA","BOLÍVAR","BARRANCO DE LOBA","969","","5000","5000","421221500.565216","142290.851638782","1194","860504","Producción de Aguacate","Tonelada","180","2009","BARRANCO DE LOBA","PRODUCTIVIDAD","ECONOMICO PRODUCTIVO","1",
"05","05045","936","05045","","APARTADÓ","ANTIOQUIA","APARTADÓ","923","","5000","5000","534365405.085622","117697.092624564","1194","859406","Producción de Aguacate","Tonelada","371","2009","APARTADO","PRODUCTIVIDAD","ECONOMICO PRODUCTIVO","1",
"20","20770","939","20770","","SAN MARTÍN","CESAR","SAN MARTÍN","926","","5000","5000","1009749887.82218","181615.531262374","1194","861594","Producción de Aguacate","Tonelada","650","2009","SAN MARTIN","PRODUCTIVIDAD","ECONOMICO PRODUCTIVO","1",
"54","54109","945","54109","","BUCARASICA","NORTE DE SANTANDER","BUCARASICA","932","","5000","5000","279153722.066564","69924.2890580223","1194","861654","Producción de Aguacate","Tonelada","400","2009","BUCARASICA","PRODUCTIVIDAD","ECONOMICO PRODUCTIVO","1",
"54","54003","947","54003","","ÁBREGO","NORTE DE SANTANDER","ÁBREGO","934","","5000","5000","1392133438.04134","194570.43341397","1194","861652","Producción de Aguacate","Tonelada","173","2009","ABREGO","PRODUCTIVIDAD","ECONOMICO PRODUCTIVO","1",
"54","54261","948","54261","","EL ZULIA","NORTE DE SANTANDER","EL ZULIA","935","","5000","5000","500968041.13619","114399.71949203301","1194","861657","Producción de Aguacate","Tonelada","442","2009","EL ZULIA","PRODUCTIVIDAD","ECONOMICO PRODUCTIVO","1",
"44","44110","1104","44110","","EL MOLINO","LA GUAJIRA","EL MOLINO","1073","","5000","5000","239123044.696832","67782.1579090639","1194","861634","Producción de Aguacate","Tonelada","156","2009","EL MOLINO","PRODUCTIVIDAD","ECONOMICO PRODUCTIVO","1",
"20","20001","1105","20001","","VALLEDUPAR","CESAR","VALLEDUPAR","1074","","5000","5000","4203051128.89973","380171.747499556","1194","861582","Producción de Aguacate","Tonelada","3378","2009","VALLEDUPAR","PRODUCTIVIDAD","ECONOMICO PRODUCTIVO","1",
"52","52079","983","52079","","BARBACOAS","NARIÑO","BARBACOAS","1105","","5000","5000","2697693151.40155","323114.796393019","1194","861648","Producción de Aguacate","Tonelada","6","2009","BARBACOAS","PRODUCTIVIDAD","ECONOMICO PRODUCTIVO","1",
"52","52835","984","52835","","TUMACO","NARIÑO","TUMACO","1106","","5000","5000","3680605654.84149","444143.237413198","1194","861651","Producción de Aguacate","Tonelada","10","2009","TUMACO","PRODUCTIVIDAD","ECONOMICO PRODUCTIVO","1",
"44","44650","1106","44650","","SAN JUAN DEL CESAR","LA GUAJIRA","SAN JUAN DEL CESAR","1075","","5000","5000","1328598673.18342","219294.89303852","1194","861638","Producción de Aguacate","Tonelada","140","2009","SAN JUAN DEL CESAR","PRODUCTIVIDAD","ECONOMICO PRODUCTIVO","1",
"44","44001","1107","44001","","RIOHACHA","LA GUAJIRA","RIOHACHA","1076","","5000","5000","3080008514.36762","261133.398390018","1194","861630","Producción de Aguacate","Tonelada","128","2009","RIOHACHA","PRODUCTIVIDAD","ECONOMICO PRODUCTIVO","1",
"44","44090","1108","44090","","DIBULLA","LA GUAJIRA","DIBULLA","1077","","5000","5000","1764534317.82537","180885.813838169","1194","861632","Producción de Aguacate","Tonelada","324","2009","DIBULLA","PRODUCTIVIDAD","ECONOMICO PRODUCTIVO","1",
"05","05607","988","05607","","RETIRO","ANTIOQUIA","RETIRO","1110","","5000","5000","241797239.16404","61505.5010245421","1194","860480","Producción de Aguacate","Tonelada","1749","2009","RETIRO","PRODUCTIVIDAD","ECONOMICO PRODUCTIVO","1",
"13","13667","1110","13667","","SAN MARTÍN DE LOBA","BOLÍVAR","SAN MARTÍN DE LOBA","971","","5000","5000","452517480.592896","123058.48002273799","1194","860508","Producción de Aguacate","Tonelada","60","2009","SAN MARTIN DE LOBA","PRODUCTIVIDAD","ECONOMICO PRODUCTIVO","1",
"13","13268","1111","13268","","EL PEÑÓN","BOLÍVAR","EL PEÑÓN","972","","5000","5000","330428633.483026","82354.96734466481","1194","860506","Producción de Aguacate","Tonelada","900","2009","EL PENON","PRODUCTIVIDAD","ECONOMICO PRODUCTIVO","1",
"20","20517","1117","20517","","PAILITAS","CESAR","PAILITAS","978","","5000","5000","516203155.208311","101137.11765766","1194","861590","Producción de Aguacate","Tonelada","473","2009","PAILITAS","PRODUCTIVIDAD","ECONOMICO PRODUCTIVO","1",
"70","70678","1120","70678","","SAN BENITO ABAD","SUCRE","SAN BENITO ABAD","981","","5000","5000","1495262278.92153","237400.685244431","1194","862732","Producción de Aguacate","Tonelada","4","2009","SAN BENITO ABAD","PRODUCTIVIDAD","ECONOMICO PRODUCTIVO","1",
"25","25001","1014","25001","","AGUA DE DIOS","CUNDINAMARCA","AGUA DE DIOS","1091","","5000","5000","90277124.2470887","39106.3908212314","1194","861596","Producción de Aguacate","Tonelada","10","2009","AGUA DE DIOS","PRODUCTIVIDAD","ECONOMICO PRODUCTIVO","1",
"20","20750","1036","20750","","SAN DIEGO","CESAR","SAN DIEGO","1005","","5000","5000","628324011.575477","176332.368405557","1194","861593","Producción de Aguacate","Tonelada","128","2009","SAN DIEGO","PRODUCTIVIDAD","ECONOMICO PRODUCTIVO","1",
"44","44420","1040","44420","","LA JAGUA DEL PILAR","LA GUAJIRA","LA JAGUA DEL PILAR","1009","","5000","5000","166407764.436892","88613.6911541349","1194","861637","Producción de Aguacate","Tonelada","108","2009","LA JAGUA DEL PILAR","PRODUCTIVIDAD","ECONOMICO PRODUCTIVO","1",
"44","44855","1044","44855","","URUMITA","LA GUAJIRA","URUMITA","1013","","5000","5000","256400794.11976","93158.9252274875","1194","861639","Producción de Aguacate","Tonelada","424","2009","URUMITA","PRODUCTIVIDAD","ECONOMICO PRODUCTIVO","1",
"44","44874","1049","44874","","VILLANUEVA","LA GUAJIRA","VILLANUEVA","1018","","5000","5000","262029846.012562","76155.1843760054","1194","861640","Producción de Aguacate","Tonelada","156","2009","VILLANUEVA","PRODUCTIVIDAD","ECONOMICO PRODUCTIVO","1",
"20","20570","1055","20570","","PUEBLO BELLO","CESAR","PUEBLO BELLO","1024","","5000","5000","721048895.975479","153190.520272767","1194","861591","Producción de Aguacate","Tonelada","735","2009","PUEBLO BELLO","PRODUCTIVIDAD","ECONOMICO PRODUCTIVO","1",
"13","13673","1061","13673","","SANTA CATALINA","BOLÍVAR","SANTA CATALINA","1030","","5000","5000","171085225.784906","85287.9746748451","1194","860509","Producción de Aguacate","Tonelada","12","2009","SANTA CATALINA","PRODUCTIVIDAD","ECONOMICO PRODUCTIVO","1",
"44","44098","1074","44098","","DISTRACCIÓN","LA GUAJIRA","DISTRACCIÓN","1043","","5000","5000","210768546.416148","73347.2859427502","1194","861633","Producción de Aguacate","Tonelada","20","2009","DISTRACCION","PRODUCTIVIDAD","ECONOMICO PRODUCTIVO","1",
"44","44279","1075","44279","","FONSECA","LA GUAJIRA","FONSECA","1044","","5000","5000","472339129.358495","109513.610446869","1194","861635","Producción de Aguacate","Tonelada","170","2009","FONSECA","PRODUCTIVIDAD","ECONOMICO PRODUCTIVO","1",
"41","41359","1080","41359","","ISNOS","HUILA","ISNOS","1049","","5000","5000","375129524.038592","132496.42148855302","1194","861616","Producción de Aguacate","Tonelada","72","2009","ISNOS","PRODUCTIVIDAD","ECONOMICO PRODUCTIVO","1",
"41","41551","1081","41551","","PITALITO","HUILA","PITALITO","1050","","5000","5000","625687051.391642","133951.150379762","1194","861623","Producción de Aguacate","Tonelada","117","2009","PITALITO","PRODUCTIVIDAD","ECONOMICO PRODUCTIVO","1",
